palavra,freq
educacao,13467
institucional,12923
tecnologia,7749
historia,7737
medio,6077
politica,5601
politicas,5530
social,5443
saude,4593
sobre,4573
ciencia,4420
inovacao,4347
meio_ambiente,3777
ciencias,3521
sociais,3422
trabalho,3288
entre,3278
publicas,3124
professores,2959
praticas,2818
producao,2394
cultura,2295
publica,2279
acoes,2197
pandemia,2125
relacoes,2121
escola,2100
escolar,2023
genero,2013
psicologia,2011
covid,2008
inclusao,1971
conhecimento,1969
aprendizagem,1921
docente,1861
afirmativas,1806
amazonia,1804
filosofia,1797
violencia,1787
basica,1745
estudos,1638
direito,1602
qualidade,1599
estudantes,1583
matematica,1556
direitos,1541
sociedade,1522
brasileira,1515
mulheres,1486
democracia,1486
escolas,1462
superior,1459
cientifico,1458
america,1413
perspectiva,1396
processos,1365
teoria,1354
redes,1354
profissional,1312
humanos,1271
educacional,1266
educacionais,1263
contexto,1260
partir,1254
criancas,1251
construcao,1229
jovens,1225
acesso,1214
memoria,1205
divulgacao,1204
sociologia,1191
mental,1184
seculo,1171
campo,1167
estadual,1138
espaco,1131
paulo,1129
cultural,1123
patrimonio,1113
antropologia,1111
janeiro,1110
geografia,1104
alunos,1099
justica,1099
desigualdades,1097
desafios,1091
gestao,1075
digitais,1037
brasileiro,1026
curriculo,1023
seguranca,1023
cidade,1012
impactos,1005
territorio,994
pensamento,976
conflitos,955
latina,944
internacional,940
saberes,917
infantil,913
